﻿<?xml version="1.0" encoding="utf-8"?>
<wm version="1.0" >
	<wmconfig
		supportlanguage="ALL"
		name="wm0104"
		category="location"
		preview="preview.png"
		port_layout_gravity="left|top"
		port_margin_top="22,51"
		port_margin_left="50"
		land_layout_gravity="left|top"
		land_margin_top="34"
		land_margin_left="26,85"
		tip_width="140"
		tip_height="160"/>

	<latititletext  id="latitudetitle" gravity="left"  size="20" color="#ffffff" text="other_locationwatermark_defaultlatitude"  fontcolor="#ffffffff"
		shadowcolor="#59000000" shadowx="0" shadowy="0" shadowr="1" fontname="robotolight"/>
	<linearlayout  id="latitudecontent" below="latitudetitle" gravity="left" orientation="horizontal"  marginTop="2">
		<latiimage  h="20" singlenumw="17" text="-" iconkeyvalue="-,jian"/>
		<image w="6"   h="6"  pic="du.png"/>
	</linearlayout>
	<longititletext  id="longitudetitle" below="latitudecontent" gravity="left"  size="20" color="#ffffff" text="other_locationwatermark_defaultlongitude"  marginTop="8" fontcolor="#ffffffff" shadowcolor="#59000000" shadowx="0" shadowy="0" shadowr="1" fontname="robotolight"/>
	<linearlayout  id="longitudecontent" below="longitudetitle" gravity="left" orientation="horizontal"  marginTop="2">
		<longiimage  h="20" singlenumw="17" text="-" iconkeyvalue="-,jian"/>
		<image w="6"   h="6"  pic="du.png"/>
	</linearlayout>
</wm>
