﻿<?xml version="1.0" encoding="utf-8"?>
<wm version="1.0" >
	<wmconfig
		supportlanguage="ZH"
		name="wm0703"
		category="location"
		preview="preview.png"
		port_layout_gravity="bottom|center_horizontal"
		port_margin_bottom="97"
        port_margin_right="0"
		land_layout_gravity="bottom|center_horizontal"
		land_margin_bottom="55"
		tip_width="158"
		tip_height="300"/>
    <linearlayout width="wrap_content" gravity="right" orientation="vertical" id="@+id/total">
        <linearlayout width="73" gravity="right" orientation="vertical" id="@+id/healthLinear" marginRight="11">
            <image id="@+id/image" w="73" h="171" pic="health_1_logo.png"/>
            <linearlayout width="73" gravity="right" orientation="horizontal" marginTop="19">
                <image id="@+id/image2" w="10" h="20" pic="health_1_ic_location.png"/>
                <location id="location1"  marginLeft="4"
                    size="14" text="other_locatonwatermark_defaultlocation" max_width="150" width="wrap_content"
                    fontcolor="#ffffffff" shadowcolor="#33000000" shadowx="1" shadowy="1" shadowr="1" ellipsize="END"/>
            </linearlayout>
            <linearlayout width="73" gravity="right" orientation="horizontal" marginTop="4" layout_gravity="center_vertical">
                <image id="@+id/stepimage" w="20" h="20" pic="health_1_ic_1_step.png" layout_gravity="center_vertical"/>
                <steptext id="@+id/stepValue"
                    max_width="150" size="12" fontcolor="#ffffffff" shadowcolor="#33000000" shadowx="1" shadowy="1" shadowr="1" ellipsize="END"
					paddingLeft="6"  paddingRight="6" 
                    layout_gravity="center_vertical" text="9756" texttype="number"/>
                <text id="@+id/step" marginLeft="3"
                    max_width="80" size="12" fontcolor="#ffffffff" shadowcolor="#33000000" shadowx="1" shadowy="1" shadowr="1" ellipsize="END"
                    text="healthStep" layout_gravity="center_vertical"/>
                <image id="@+id/calorieimage" w="20" h="20" pic="health_1_ic_2_cal.png" marginLeft="8" layout_gravity="center_vertical"/>
                <caloriestext id="@+id/kilometerValue" marginLeft="3"
                    max_width="150" size="12" fontcolor="#ffffffff" shadowcolor="#33000000" shadowx="1" shadowy="1" shadowr="1" ellipsize="END"
                    text="defaultCalorie" layout_gravity="center_vertical"
					text="500" texttype="number"/>
                <text id="@+id/step" marginLeft="3"
                    max_width="80" size="12" fontcolor="#ffffffff" shadowcolor="#33000000" shadowx="1" shadowy="1" shadowr="1" ellipsize="END"
                    text="kiloCalorie" layout_gravity="center_vertical"/>
            </linearlayout>
        </linearlayout>
        <image id="@+id/div" w="130" h="2" pic="health_1_div.png"  below="@+id/healthLinear"/>
        <date size="10"  format="systemymd# systema systemh:mm" fontcolor="#ffffffff" marginRight="11"
            shadowcolor="#66000000" shadowx="2" shadowy="2" shadowr="2" marginTop="4"/>
    </linearlayout>
</wm>