{"comment":"","charmap":{
"A":[["Ā",1.0]],
"C":[["Č",1.0]],
"E":[["Ē",1.0]],
"G":[["Ģ",1.0]],
"I":[["Ī",1.0]],
"K":[["Ķ",1.0]],
"L":[["Ļ",1.0]],
"N":[["Ņ",1.0]],
"O":[["Ō",1.0]],
"R":[["Ŗ",1.0]],
"S":[["Š",1.0]],
"U":[["Ū",1.0]],
"Z":[["Ž",1.0]],
"a":[["ā",1.0]],
"c":[["č",1.0]],
"e":[["ē",1.0]],
"g":[["ģ",1.0]],
"i":[["ī",1.0]],
"k":[["ķ",1.0]],
"l":[["ļ",1.0]],
"n":[["ņ",1.0]],
"o":[["ō",1.0]],
"r":[["ŗ",1.0]],
"s":[["š",1.0]],
"u":[["ū",1.0]],
"z":[["ž",1.0]]
},"name":"Latvian","variant":["lv","LV"], "local_name":"Latviešu"}
