{"comment":"","charmap":{
"A":[["Ă",1.0],["Â",1.0],["À",1.0,0],["Ằ",1.0,0],["Ầ",1.0,0],["Ả",1.0,0],["Ẳ",1.0,0],["Ẩ",1.0,0],["Ã",1.0,0],["Ẵ",1.0,0],["Ẫ",1.0,0],["Á",1.0,0],["Ắ",1.0,0],["Ấ",1.0,0],["Ạ",1.0,0],["Ặ",1.0,0],["Ậ",1.0,0],[" A",1.0,0],[" Ă",1.0,0],[" Â",1.0,0],[" À",1.0,0],[" Ằ",1.0,0],[" Ầ",1.0,0],[" Ả",1.0,0],[" Ẳ",1.0,0],[" Ẩ",1.0,0],[" Ã",1.0,0],[" Ẵ",1.0,0],[" Ẫ",1.0,0],[" Á",1.0,0],[" Ắ",1.0,0],[" Ấ",1.0,0],[" Ạ",1.0,0],[" Ặ",1.0,0],[" Ậ",1.0,0]],
"B":[[" B",1.0,0]],
"C":[[" C",1.0,0]],
"D":[["Đ",1.0],[" D",1.0,0],[" Đ",1.0,0]],
"E":[["Ê",1.0],["È",1.0,0],["Ề",1.0,0],["Ẻ",1.0,0],["Ể",1.0,0],["Ẽ",1.0,0],["Ễ",1.0,0],["É",1.0,0],["Ế",1.0,0],["Ẹ",1.0,0],["Ệ",1.0,0],[" E",1.0,0],[" Ê",1.0,0],[" È",1.0,0],[" Ề",1.0,0],[" Ẻ",1.0,0],[" Ể",1.0,0],[" Ẽ",1.0,0],[" Ễ",1.0,0],[" É",1.0,0],[" Ế",1.0,0],[" Ẹ",1.0,0],[" Ệ",1.0,0]],
"F":[[" F",1.0,0]],
"G":[[" G",1.0,0]],
"H":[[" H",1.0,0]],
"I":[["Ì",1.0,0],["Ỉ",1.0,0],["Ĩ",1.0,0],["Í",1.0,0],["Ị",1.0,0],[" I",1.0,0],[" Ì",1.0,0],[" Ỉ",1.0,0],[" Ĩ",1.0,0],[" Í",1.0,0],[" Ị",1.0,0]],
"J":[[" J",1.0,0]],
"K":[[" K",1.0,0]],
"L":[[" L",1.0,0]],
"M":[[" M",1.0,0]],
"N":[[" N",1.0,0]],
"O":[["Ô",1.0],["Ơ",1.0],["Ò",1.0,0],["Ồ",1.0,0],["Ờ",1.0,0],["Ỏ",1.0,0],["Ổ",1.0,0],["Ở",1.0,0],["Õ",1.0,0],["Ỗ",1.0,0],["Ỡ",1.0,0],["Ó",1.0,0],["Ố",1.0,0],["Ớ",1.0,0],["Ọ",1.0,0],["Ộ",1.0,0],["Ợ",1.0,0],[" O",1.0,0],[" Ô",1.0,0],[" Ơ",1.0,0],[" Ò",1.0,0],[" Ồ",1.0,0],[" Ờ",1.0,0],[" Ỏ",1.0,0],[" Ổ",1.0,0],[" Ở",1.0,0],[" Õ",1.0,0],[" Ỗ",1.0,0],[" Ỡ",1.0,0],[" Ó",1.0,0],[" Ố",1.0,0],[" Ớ",1.0,0],[" Ọ",1.0,0],[" Ộ",1.0,0],[" Ợ",1.0,0]],
"P":[[" P",1.0,0]],
"Q":[[" Q",1.0,0]],
"R":[[" R",1.0,0]],
"S":[[" S",1.0,0]],
"T":[[" T",1.0,0]],
"U":[["Ư",1.0],["Ù",1.0,0],["Ừ",1.0,0],["Ủ",1.0,0],["Ử",1.0,0],["Ũ",1.0,0],["Ữ",1.0,0],["Ú",1.0,0],["Ứ",1.0,0],["Ụ",1.0,0],["Ự",1.0,0],[" U",1.0,0],[" Ư",1.0,0],[" Ù",1.0,0],[" Ừ",1.0,0],[" Ủ",1.0,0],[" Ử",1.0,0],[" Ũ",1.0,0],[" Ữ",1.0,0],[" Ú",1.0,0],[" Ứ",1.0,0],[" Ụ",1.0,0],[" Ự",1.0,0]],
"V":[[" V",1.0,0]],
"X":[[" X",1.0,0]],
"Y":[["Ỳ",1.0,0],["Ỷ",1.0,0],["Ỹ",1.0,0],["Ý",1.0,0],["Ỵ",1.0,0],[" Y",1.0,0],[" Ỳ",1.0,0],[" Ỷ",1.0,0],[" Ỹ",1.0,0],[" Ý",1.0,0],[" Ỵ",1.0,0]],
"Z":[[" Z",1.0,0]],
"a":[["ă",1.0],["â",1.0],["à",1.0,0],["ằ",1.0,0],["ầ",1.0,0],["ả",1.0,0],["ẳ",1.0,0],["ẩ",1.0,0],["ã",1.0,0],["ẵ",1.0,0],["ẫ",1.0,0],["á",1.0,0],["ắ",1.0,0],["ấ",1.0,0],["ạ",1.0,0],["ặ",1.0,0],["ậ",1.0,0],[" a",1.0,0],[" ă",1.0,0],[" â",1.0,0],[" à",1.0,0],[" ằ",1.0,0],[" ầ",1.0,0],[" ả",1.0,0],[" ẳ",1.0,0],[" ẩ",1.0,0],[" ã",1.0,0],[" ẵ",1.0,0],[" ẫ",1.0,0],[" á",1.0,0],[" ắ",1.0,0],[" ấ",1.0,0],[" ạ",1.0,0],[" ặ",1.0,0],[" ậ",1.0,0]],
"b":[[" b",1.0,0]],
"c":[[" c",1.0,0]],
"d":[["đ",1.0],[" d",1.0,0],[" đ",1.0,0]],
"e":[["ê",1.0],["è",1.0,0],["ề",1.0,0],["ẻ",1.0,0],["ể",1.0,0],["ẽ",1.0,0],["ễ",1.0,0],["é",1.0,0],["ế",1.0,0],["ẹ",1.0,0],["ệ",1.0,0],[" e",1.0,0],[" ê",1.0,0],[" è",1.0,0],[" ề",1.0,0],[" ẻ",1.0,0],[" ể",1.0,0],[" ẽ",1.0,0],[" ễ",1.0,0],[" é",1.0,0],[" ế",1.0,0],[" ẹ",1.0,0],[" ệ",1.0,0]],
"f":[[" f",1.0,0]],
"g":[[" g",1.0,0]],
"h":[[" h",1.0,0]],
"i":[["ì",1.0,0],["ỉ",1.0,0],["ĩ",1.0,0],["í",1.0,0],["ị",1.0,0],[" i",1.0,0],[" ì",1.0,0],[" ỉ",1.0,0],[" ĩ",1.0,0],[" í",1.0,0],[" ị",1.0,0]],
"j":[[" j",1.0,0]],
"k":[[" k",1.0,0]],
"l":[[" l",1.0,0]],
"m":[[" m",1.0,0]],
"n":[[" n",1.0,0]],
"o":[["ô",1.0],["ơ",1.0],["ò",1.0,0],["ồ",1.0,0],["ờ",1.0,0],["ỏ",1.0,0],["ổ",1.0,0],["ở",1.0,0],["õ",1.0,0],["ỗ",1.0,0],["ỡ",1.0,0],["ó",1.0,0],["ố",1.0,0],["ớ",1.0,0],["ọ",1.0,0],["ộ",1.0,0],["ợ",1.0,0],[" o",1.0,0],[" ô",1.0,0],[" ơ",1.0,0],[" ò",1.0,0],[" ồ",1.0,0],[" ờ",1.0,0],[" ỏ",1.0,0],[" ổ",1.0,0],[" ở",1.0,0],[" õ",1.0,0],[" ỗ",1.0,0],[" ỡ",1.0,0],[" ó",1.0,0],[" ố",1.0,0],[" ớ",1.0,0],[" ọ",1.0,0],[" ộ",1.0,0],[" ợ",1.0,0]],
"p":[[" p",1.0,0]],
"q":[[" q",1.0,0]],
"r":[[" r",1.0,0]],
"s":[[" s",1.0,0]],
"t":[[" t",1.0,0]],
"u":[["ư",1.0],["ù",1.0,0],["ừ",1.0,0],["ủ",1.0,0],["ử",1.0,0],["ũ",1.0,0],["ữ",1.0,0],["ú",1.0,0],["ứ",1.0,0],["ụ",1.0,0],["ự",1.0,0],[" u",1.0,0],[" ư",1.0,0],[" ù",1.0,0],[" ừ",1.0,0],[" ủ",1.0,0],[" ử",1.0,0],[" ũ",1.0,0],[" ữ",1.0,0],[" ú",1.0,0],[" ứ",1.0,0],[" ụ",1.0,0],[" ự",1.0,0]],
"v":[[" v",1.0,0]],
"x":[[" x",1.0,0]],
"y":[["ỳ",1.0,0],["ỷ",1.0,0],["ỹ",1.0,0],["ý",1.0,0],["ỵ",1.0,0],[" y",1.0,0],[" ỳ",1.0,0],[" ỷ",1.0,0],[" ỹ",1.0,0],[" ý",1.0,0],[" ỵ",1.0,0]],
"z":[[" z",1.0,0]]
},
"name":"Vietnamese","variant":["vi","vi_VN"],"version":[0,3],"local_name":"Tiếng Việt"}
