{
    "version" : 2,
    "lang" : "my_ZG",
    "sections" : [
        {
            "charRules": [
                {
                    "CharRule": {
                        "_comment": [
                            "We would like to insert an ASCII space after any",
                            "of the following punctuation symbols, as they may",
                            "be used to end a sentence"
                        ],
                        "id": [
                            "!",
                            "?",
			    "။",
			    "၏",
			    "၍",
			    "၊"
                        ],
                        "actions": [
                            "INS_PREDICTION",
                            "INS_FOCUS",
                            "INS_SPACE"
                        ],
                        "contextRules": [
                            {
                                "CatRule": {
                                    "id": [
                                      "P*"
                                    ],
                                    "actions": [
                                        "BACKSPACE",
                                        "INS_FOCUS",
                                        "INS_SPACE"
                                    ]
                                }
                            },
                            {
                                "ContextRule": {
                                    "_comment": "trailing space and zero-width space",
                                    "id": [
                                        "\u200B$",
                                        " $"
                                    ],
                                    "actions": [
                                        "BACKSPACE",
                                        "INS_FOCUS",
                                        "INS_SPACE"
                                    ]
                                }
                            }
                        ]
                    }
                },
                {
                    "CharRule": {
                        "_comment": [
                            "Inserting a period will remove any trailing space",
                            "and add the period, which is used for abbreviations.",
                            "Multiple periods will be taken as ellipses and",
                            "an ASCII space will be added after, which can be",
                            "used as a sentence separator."
                        ],
                        "id": [
                            "."
                        ],
                        "actions": [
                            "INS_PREDICTION",
                            "INS_FOCUS"
                        ],
                        "contextRules": [
                            {
                                "CatRule": {
                                    "id": [
                                        "P*"
                                    ],
                                    "actions": [
                                        "BACKSPACE",
                                        "INS_FOCUS",
                                        "INS_SPACE"
                                    ]
                                }
                            },
                            {
                                "ContextRule": {
                                    "_comment": "trailing space and zero-width space",
                                    "id": [
                                        " $",
                                        "\u200B$"
                                    ],
                                    "actions": [
                                        "BACKSPACE",
                                        "INS_FOCUS"
                                    ]
                                }
                            }
                        ]
                    }
                }
            ]
        },
        {
            "catRules": [
                {
                    "CatRule": {
                        "_comment": [
                            "Unicode categories for Punctuation Close and",
                            "Final quote."
                        ],
                        "id": [
                            "Pe",
                            "Pf"
                        ],
                        "actions": [
                            "BACKSPACE",
                            "INS_FOCUS",
                            "INS_SPACE"
                        ]
                    }
                }
            ]
        }
    ],
    "dependency" : "default",
    "defaultSpace":"\u200B",
    "sentenceSeparators" : ["!", "?", "။", "၏", "၍", "၊"]
}
